No,Water Meter ID,Reading ID,Reading Value,Reading Date,Previous Reading Value,Previous Reading Date,Reading Frequency,Reader ID,Type of Contract,Reading Validity,Certification on the ERP,Final Billing,Reason for Reading
1,IT-WM-001,READ-001,145.5,2024-01-15,120.3,2023-12-15,monthly,READER-01,residential,True,True,125.4,Routine
2,IT-WM-002,READ-002,89.75,2024-01-16,75.2,2023-12-16,monthly,READER-02,residential,True,True,89.75,Routine
3,IT-WM-003,READ-003,456.78,2024-01-17,210.45,2023-12-17,monthly,READER-03,residential,False,True,0.0,Missing
4,IT-WM-004,READ-004,320.1,2024-01-18,295.8,2023-12-18,bimonthly,READER-01,residential,True,True,156.3,Routine
5,IT-WM-001,READ-005,170.25,2024-02-15,145.5,2024-01-15,monthly,READER-02,residential,True,True,145.5,Routine
6,IT-WM-005,READ-006,55.3,2024-01-19,,,monthly,READER-04,residential,True,True,55.3,First Reading
7,IT-WM-006,READ-007,478.9,2024-01-20,450.25,2023-11-20,bimonthly,READER-03,residential,True,True,125.45,Routine
8,IT-WM-007,READ-008,123.45,2024-01-21,110.75,2023-12-21,monthly,READER-01,residential,True,True,98.7,Routine
9,IT-WM-008,READ-009,987.65,2024-01-22,890.4,2023-12-22,monthly,READER-05,residential,True,True,450.8,Suspected Leak
10,IT-WM-002,READ-010,95.2,2024-02-16,89.75,2024-01-16,monthly,READER-02,residential,True,True,95.2,Routine
11,IT-WM-009,READ-011,67.8,2024-01-23,45.3,2023-12-23,monthly,READER-04,residential,True,True,67.8,High Consumption
12,IT-WM-010,READ-012,234.56,2024-01-24,215.9,2023-12-24,monthly,READER-01,residential,True,True,98.25,Routine
13,IT-WM-011,READ-013,0.0,2024-01-25,0.0,2023-12-25,monthly,READER-03,residential,True,True,0.0,Zero Consumption
14,IT-WM-012,READ-014,456.78,2024-01-26,420.15,2023-12-26,bimonthly,READER-05,residential,True,True,165.42,Routine
15,IT-WM-004,READ-015,345.6,2024-02-18,320.1,2024-01-18,bimonthly,READER-01,residential,True,True,123.15,Routine
16,IT-WM-013,READ-016,78.9,2024-01-27,65.45,2023-12-27,monthly,READER-02,residential,True,True,78.9,Routine
17,IT-WM-014,READ-017,1000.0,2024-01-28,1000.0,2023-12-28,monthly,READER-04,residential,True,True,450.67,Routine
18,IT-WM-015,READ-018,1000.0,2024-01-29,150.75,2023-12-29,monthly,READER-03,residential,False,True,0.0,Meter Failure
19,IT-WM-016,READ-019,89.45,2024-01-30,78.9,2023-12-30,monthly,READER-01,residential,True,True,89.45,Routine
20,IT-WM-017,READ-020,567.89,2024-01-31,510.25,2023-12-31,monthly,READER-05,residential,True,True,234.56,Routine
21,IT-WM-018,READ-021,123.0,2024-02-01,115.8,2024-01-01,monthly,READER-02,residential,True,True,123.0,Routine
22,IT-WM-019,READ-022,789.01,2024-02-02,745.6,2024-01-02,bimonthly,READER-04,residential,True,True,198.75,Routine
23,IT-WM-020,READ-023,234.0,2024-02-03,210.45,2024-01-03,monthly,READER-01,residential,True,True,234.0,Routine
24,IT-WM-003,READ-024,250.75,2024-02-17,210.45,2023-12-17,monthly,READER-03,residential,True,True,178.9,Estimated
25,IT-WM-021,READ-025,456.23,2024-02-04,430.1,2024-01-04,monthly,READER-05,residential,True,True,456.23,Routine
26,IT-WM-022,READ-026,0.0,2024-02-05,0.0,2024-01-05,monthly,READER-02,residential,True,True,0.0,Property Vacant
27,IT-WM-023,READ-027,678.34,2024-02-06,645.2,2024-01-06,monthly,READER-04,residential,True,True,500.0,Routine
28,IT-WM-024,READ-028,890.12,2024-02-07,856.78,2024-01-07,bimonthly,READER-01,residential,True,True,500.0,Routine
29,IT-WM-025,READ-029,123.78,2024-02-08,115.45,2024-01-08,monthly,READER-03,residential,True,True,123.78,Routine
30,IT-WM-026,READ-030,345.67,2024-02-09,320.89,2024-01-09,monthly,READER-05,residential,True,True,345.67,Routine
31,IT-WM-027,READ-031,567.89,2024-02-10,534.12,2024-01-10,monthly,READER-02,residential,True,True,500.0,Routine
32,IT-WM-028,READ-032,789.01,2024-02-11,756.34,2024-01-11,monthly,READER-04,residential,True,True,500.0,Routine
33,IT-WM-029,READ-033,901.23,2024-02-12,867.45,2024-01-12,bimonthly,READER-01,residential,True,True,500.0,Routine
34,IT-WM-030,READ-034,234.56,2024-02-13,223.78,2024-01-13,monthly,READER-03,residential,True,True,234.56,Routine
35,IT-WM-031,READ-035,456.78,2024-02-14,445.67,2024-01-14,monthly,READER-05,residential,True,True,456.78,Routine
36,IT-WM-032,READ-036,678.9,2024-02-15,667.89,2024-01-15,monthly,READER-02,residential,True,True,500.0,Routine
37,IT-WM-033,READ-037,890.12,2024-02-16,889.01,2024-01-16,monthly,READER-04,residential,True,True,500.0,Routine
38,IT-WM-034,READ-038,123.45,2024-02-17,111.23,2024-01-17,bimonthly,READER-01,residential,True,True,123.45,Routine
39,IT-WM-035,READ-039,345.67,2024-02-18,333.45,2024-01-18,monthly,READER-03,residential,True,True,345.67,Routine
40,IT-WM-036,READ-040,567.89,2024-02-19,555.67,2024-01-19,monthly,READER-05,residential,True,True,500.0,Routine
41,IT-WM-037,READ-041,789.01,2024-02-20,777.89,2024-01-20,monthly,READER-02,residential,True,True,500.0,Routine
42,IT-WM-038,READ-042,901.23,2024-02-21,899.01,2024-01-21,monthly,READER-04,residential,True,True,500.0,Routine
43,IT-WM-039,READ-043,123.45,2024-02-22,111.23,2024-01-22,bimonthly,READER-01,residential,True,True,123.45,Routine
44,IT-WM-040,READ-044,234.56,2024-02-23,222.34,2024-01-23,monthly,READER-03,residential,True,True,234.56,Routine
45,IT-WM-041,READ-045,456.78,2024-02-24,444.56,2024-01-24,monthly,READER-05,residential,True,True,456.78,Routine
46,IT-WM-042,READ-046,678.9,2024-02-25,666.78,2024-01-25,monthly,READER-02,residential,True,True,500.0,Routine
47,IT-WM-043,READ-047,890.12,2024-02-26,888.9,2024-01-26,monthly,READER-04,residential,True,True,500.0,Routine
48,IT-WM-044,READ-048,123.45,2024-02-27,111.23,2024-01-27,bimonthly,READER-01,residential,True,True,123.45,Routine
49,IT-WM-045,READ-049,234.56,2024-02-28,222.34,2024-01-28,monthly,READER-03,residential,True,True,234.56,Routine
50,IT-WM-046,READ-050,456.78,2024-02-29,444.56,2024-01-29,monthly,READER-05,residential,True,True,456.78,Routine
51,IT-WM-047,READ-051,678.9,2024-03-01,656.78,2024-02-01,monthly,READER-02,residential,True,True,500.0,Routine
52,IT-WM-048,READ-052,890.12,2024-03-02,878.9,2024-02-02,monthly,READER-04,residential,True,True,500.0,Routine
53,IT-WM-049,READ-053,123.45,2024-03-03,111.23,2024-02-03,bimonthly,READER-01,residential,True,True,123.45,Routine
54,IT-WM-050,READ-054,234.56,2024-03-04,222.34,2024-02-04,monthly,READER-03,residential,True,True,234.56,Routine
55,IT-WM-051,READ-055,456.78,2024-03-05,444.56,2024-02-05,monthly,READER-05,residential,True,True,456.78,Routine
56,IT-WM-052,READ-056,678.9,2024-03-06,656.78,2024-02-06,monthly,READER-02,residential,True,True,500.0,Routine
57,IT-WM-053,READ-057,890.12,2024-03-07,878.9,2024-02-07,monthly,READER-04,residential,True,True,500.0,Routine
58,IT-WM-054,READ-058,123.45,2024-03-08,111.23,2024-02-08,bimonthly,READER-01,residential,True,True,123.45,Routine
59,IT-WM-055,READ-059,234.56,2024-03-09,222.34,2024-02-09,monthly,READER-03,residential,True,True,234.56,Routine
60,IT-WM-056,READ-060,456.78,2024-03-10,444.56,2024-02-10,monthly,READER-05,residential,True,True,456.78,Routine
61,IT-WM-057,READ-061,0.0,2024-03-11,45.3,2024-02-11,monthly,READER-02,residential,False,True,0.0,Meter Error
62,IT-WM-058,READ-062,789.01,2024-03-12,756.89,2024-02-12,monthly,READER-04,residential,True,True,500.0,Routine
63,IT-WM-059,READ-063,901.23,2024-03-13,890.12,2024-02-13,bimonthly,READER-01,residential,True,True,500.0,Routine
64,IT-WM-060,READ-064,234.56,2024-03-14,223.45,2024-02-14,monthly,READER-03,residential,True,True,234.56,Routine
65,IT-WM-061,READ-065,456.78,2024-03-15,445.67,2024-02-15,monthly,READER-05,residential,True,True,456.78,Routine
66,IT-WM-062,READ-066,678.9,2024-03-16,667.89,2024-02-16,monthly,READER-02,residential,True,True,500.0,Routine
67,IT-WM-063,READ-067,890.12,2024-03-17,889.01,2024-02-17,monthly,READER-04,residential,True,True,500.0,Routine
68,IT-WM-064,READ-068,123.45,2024-03-18,111.23,2024-02-18,bimonthly,READER-01,residential,True,True,123.45,Routine
69,IT-WM-065,READ-069,234.56,2024-03-19,222.34,2024-02-19,monthly,READER-03,residential,True,True,234.56,Routine
70,IT-WM-066,READ-070,456.78,2024-03-20,444.56,2024-02-20,monthly,READER-05,residential,True,True,456.78,Routine
71,IT-WM-067,READ-071,678.9,2024-03-21,656.78,2024-02-21,monthly,READER-02,residential,True,True,500.0,Routine
72,IT-WM-068,READ-072,890.12,2024-03-22,878.9,2024-02-22,monthly,READER-04,residential,True,True,500.0,Routine
73,IT-WM-069,READ-073,123.45,2024-03-23,111.23,2024-02-23,bimonthly,READER-01,residential,True,True,123.45,Routine
74,IT-WM-070,READ-074,234.56,2024-03-24,222.34,2024-02-24,monthly,READER-03,residential,True,True,234.56,Routine
75,IT-WM-071,READ-075,456.78,2024-03-25,444.56,2024-02-25,monthly,READER-05,residential,True,True,456.78,Routine
76,IT-WM-072,READ-076,678.9,2024-03-26,656.78,2024-02-26,monthly,READER-02,residential,True,True,500.0,Routine
77,IT-WM-073,READ-077,890.12,2024-03-27,878.9,2024-02-27,monthly,READER-04,residential,True,True,500.0,Routine
78,IT-WM-074,READ-078,123.45,2024-03-28,111.23,2024-02-28,bimonthly,READER-01,residential,True,True,123.45,Routine
79,IT-WM-075,READ-079,234.56,2024-03-29,222.34,2024-02-29,monthly,READER-03,residential,True,True,234.56,Routine
80,IT-WM-076,READ-080,456.78,2024-03-30,444.56,,monthly,READER-05,residential,True,True,456.78,Routine
81,IT-WM-077,READ-081,678.9,2024-03-31,656.78,,monthly,READER-02,residential,True,True,500.0,Routine
82,IT-WM-078,READ-082,890.12,2024-04-01,878.9,2024-03-01,monthly,READER-04,residential,True,True,500.0,Routine
83,IT-WM-079,READ-083,123.45,2024-04-02,111.23,2024-03-02,bimonthly,READER-01,residential,True,True,123.45,Routine
84,IT-WM-080,READ-084,234.56,2024-04-03,222.34,2024-03-03,monthly,READER-03,residential,True,True,234.56,Routine
85,IT-WM-081,READ-085,456.78,2024-04-04,444.56,2024-03-04,monthly,READER-05,residential,True,True,456.78,Routine
86,IT-WM-082,READ-086,678.9,2024-04-05,656.78,2024-03-05,monthly,READER-02,residential,True,True,500.0,Routine
87,IT-WM-083,READ-087,890.12,2024-04-06,878.9,2024-03-06,monthly,READER-04,residential,True,True,500.0,Routine
88,IT-WM-084,READ-088,123.45,2024-04-07,111.23,2024-03-07,bimonthly,READER-01,residential,True,True,123.45,Routine
89,IT-WM-085,READ-089,234.56,2024-04-08,222.34,2024-03-08,monthly,READER-03,residential,True,True,234.56,Routine
90,IT-WM-086,READ-090,456.78,2024-04-09,444.56,2024-03-09,monthly,READER-05,residential,True,True,456.78,Routine
91,IT-WM-087,READ-091,678.9,2024-04-10,656.78,2024-03-10,monthly,READER-02,residential,True,True,500.0,Routine
92,IT-WM-088,READ-092,890.12,2024-04-11,878.9,2024-03-11,monthly,READER-04,residential,True,True,500.0,Routine
93,IT-WM-089,READ-093,123.45,2024-04-12,111.23,2024-03-12,bimonthly,READER-01,residential,True,True,123.45,Routine
94,IT-WM-090,READ-094,234.56,2024-04-13,222.34,2024-03-13,monthly,READER-03,residential,True,True,234.56,Routine
95,IT-WM-091,READ-095,456.78,2024-04-14,444.56,2024-03-14,monthly,READER-05,residential,True,True,456.78,Routine
96,IT-WM-092,READ-096,678.9,2024-04-15,656.78,2024-03-15,monthly,READER-02,residential,True,True,500.0,Routine
97,IT-WM-093,READ-097,890.12,2024-04-16,878.9,2024-03-16,monthly,READER-04,residential,True,True,500.0,Routine
98,IT-WM-094,READ-098,123.45,2024-04-17,111.23,2024-03-17,bimonthly,READER-01,residential,True,True,123.45,Routine
99,IT-WM-095,READ-099,234.56,2024-04-18,222.34,2024-03-18,monthly,READER-03,residential,True,True,234.56,Routine
100,IT-WM-096,READ-100,456.78,2024-04-19,444.56,2024-03-19,monthly,READER-05,residential,True,True,456.78,Routine
101,IT-WM-097,READ-101,678.9,2024-04-20,656.78,2024-03-20,monthly,READER-02,residential,True,True,500.0,Routine
102,IT-WM-098,READ-102,890.12,2024-04-21,878.9,2024-03-21,monthly,READER-04,residential,True,True,500.0,Routine
103,IT-WM-099,READ-103,123.45,2024-04-22,111.23,2024-03-22,bimonthly,READER-01,residential,True,True,123.45,Routine
104,IT-WM-100,READ-104,234.56,2024-04-23,222.34,2024-03-23,monthly,READER-03,residential,True,True,234.56,Routine
105,IT-WM-101,READ-105,456.78,2024-04-24,444.56,2024-03-24,monthly,READER-05,residential,True,True,456.78,Routine
106,IT-WM-102,READ-106,678.9,2024-04-25,656.78,2024-03-25,monthly,READER-02,residential,True,True,500.0,Routine
107,IT-WM-103,READ-107,890.12,2024-04-26,878.9,2024-03-26,monthly,READER-04,residential,True,True,500.0,Routine
108,IT-WM-104,READ-108,123.45,2024-04-27,111.23,2024-03-27,bimonthly,READER-01,residential,True,True,123.45,Routine
109,IT-WM-105,READ-109,234.56,2024-04-28,222.34,2024-03-28,monthly,READER-03,residential,True,True,234.56,Routine
110,IT-WM-106,READ-110,456.78,2024-04-29,444.56,2024-03-29,monthly,READER-05,residential,True,True,456.78,Routine
111,IT-WM-107,READ-111,678.9,2024-04-30,656.78,2024-03-30,monthly,READER-02,residential,True,True,500.0,Routine
112,IT-WM-108,READ-112,890.12,2024-05-01,878.9,2024-04-01,monthly,READER-04,residential,True,True,500.0,Routine
113,IT-WM-109,READ-113,123.45,2024-05-02,111.23,2024-04-02,bimonthly,READER-01,residential,True,True,123.45,Routine
114,IT-WM-110,READ-114,234.56,2024-05-03,222.34,2024-04-03,monthly,READER-03,residential,True,True,234.56,Routine
115,IT-WM-111,READ-115,456.78,2024-05-04,444.56,2024-04-04,monthly,READER-05,residential,True,True,456.78,Routine
116,IT-WM-112,READ-116,678.9,2024-05-05,656.78,2024-04-05,monthly,READER-02,residential,True,True,500.0,Routine
117,IT-WM-113,READ-117,890.12,2024-05-06,878.9,2024-04-06,monthly,READER-04,residential,True,True,500.0,Routine
118,IT-WM-114,READ-118,123.45,2024-05-07,111.23,2024-04-07,bimonthly,READER-01,residential,True,True,123.45,Routine
119,IT-WM-115,READ-119,234.56,2024-05-08,222.34,2024-04-08,monthly,READER-03,residential,True,True,234.56,Routine
120,IT-WM-116,READ-120,456.78,2024-05-09,444.56,2024-04-09,monthly,READER-05,residential,True,True,456.78,Routine
121,IT-WM-117,READ-121,678.9,2024-05-10,656.78,2024-04-10,monthly,READER-02,residential,True,True,500.0,Routine
122,IT-WM-118,READ-122,890.12,2024-05-11,878.9,2024-04-11,monthly,READER-04,residential,True,True,500.0,Routine
123,IT-WM-119,READ-123,123.45,2024-05-12,111.23,2024-04-12,bimonthly,READER-01,residential,True,True,123.45,Routine
124,IT-WM-120,READ-124,234.56,2024-05-13,222.34,2024-04-13,monthly,READER-03,residential,True,True,234.56,Routine
125,IT-WM-121,READ-125,456.78,2024-05-14,444.56,2024-04-14,monthly,READER-05,residential,True,True,456.78,Routine
126,IT-WM-122,READ-126,678.9,2024-05-15,656.78,2024-04-15,monthly,READER-02,residential,True,True,500.0,Routine
127,IT-WM-123,READ-127,890.12,2024-05-16,878.9,2024-04-16,monthly,READER-04,residential,True,True,500.0,Routine
128,IT-WM-124,READ-128,123.45,2024-05-17,111.23,2024-04-17,bimonthly,READER-01,residential,True,True,123.45,Routine
129,IT-WM-125,READ-129,234.56,2024-05-18,222.34,2024-04-18,monthly,READER-03,residential,True,True,234.56,Routine
130,IT-WM-126,READ-130,456.78,2024-05-19,444.56,2024-04-19,monthly,READER-05,residential,True,True,456.78,Routine
131,IT-WM-127,READ-131,678.9,2024-05-20,656.78,2024-04-20,monthly,READER-02,residential,True,True,500.0,Routine
132,IT-WM-128,READ-132,890.12,2024-05-21,878.9,2024-04-21,monthly,READER-04,residential,True,True,500.0,Routine
133,IT-WM-129,READ-133,123.45,2024-05-22,111.23,2024-04-22,bimonthly,READER-01,residential,True,True,123.45,Routine
134,IT-WM-130,READ-134,234.56,2024-05-23,222.34,2024-04-23,monthly,READER-03,residential,True,True,234.56,Routine
135,IT-WM-131,READ-135,456.78,2024-05-24,444.56,2024-04-24,monthly,READER-05,residential,True,True,456.78,Routine
136,IT-WM-132,READ-136,678.9,2024-05-25,656.78,2024-04-25,monthly,READER-02,residential,True,True,500.0,Routine
137,IT-WM-133,READ-137,890.12,2024-05-26,878.9,2024-04-26,monthly,READER-04,residential,True,True,500.0,Routine
138,IT-WM-134,READ-138,123.45,2024-05-27,111.23,2024-04-27,bimonthly,READER-01,residential,True,True,123.45,Routine
139,IT-WM-135,READ-139,234.56,2024-05-28,222.34,2024-04-28,monthly,READER-03,residential,True,True,234.56,Routine
140,IT-WM-136,READ-140,456.78,2024-05-29,444.56,2024-04-29,monthly,READER-05,residential,True,True,456.78,Routine
141,IT-WM-137,READ-141,678.9,2024-05-30,656.78,2024-04-30,monthly,READER-02,residential,True,True,500.0,Routine
142,IT-WM-138,READ-142,890.12,2024-05-31,878.9,,monthly,READER-04,residential,True,True,500.0,Routine
143,IT-WM-139,READ-143,123.45,2024-06-01,111.23,2024-05-01,bimonthly,READER-01,residential,True,True,123.45,Routine
144,IT-WM-140,READ-144,234.56,2024-06-02,222.34,2024-05-02,monthly,READER-03,residential,True,True,234.56,Routine
145,IT-WM-141,READ-145,456.78,2024-06-03,444.56,2024-05-03,monthly,READER-05,residential,True,True,456.78,Routine
146,IT-WM-142,READ-146,678.9,2024-06-04,656.78,2024-05-04,monthly,READER-02,residential,True,True,500.0,Routine
147,IT-WM-143,READ-147,890.12,2024-06-05,878.9,2024-05-05,monthly,READER-04,residential,True,True,500.0,Routine
148,IT-WM-144,READ-148,123.45,2024-06-06,111.23,2024-05-06,bimonthly,READER-01,residential,True,True,123.45,Routine
149,IT-WM-145,READ-149,234.56,2024-06-07,222.34,2024-05-07,monthly,READER-03,residential,True,True,234.56,Routine
150,IT-WM-146,READ-150,456.78,2024-06-08,444.56,2024-05-08,monthly,READER-05,residential,True,True,456.78,Routine
151,IT-WM-147,READ-151,678.9,2024-06-09,656.78,2024-05-09,monthly,READER-02,residential,True,True,500.0,Routine
152,IT-WM-148,READ-152,890.12,2024-06-10,878.9,2024-05-10,monthly,READER-04,residential,True,True,500.0,Routine
153,IT-WM-149,READ-153,123.45,2024-06-11,111.23,2024-05-11,bimonthly,READER-01,residential,True,True,123.45,Routine
154,IT-WM-150,READ-154,234.56,2024-06-12,222.34,2024-05-12,monthly,READER-03,residential,True,True,234.56,Routine
155,IT-WM-151,READ-155,456.78,2024-06-13,444.56,2024-05-13,monthly,READER-05,residential,True,True,456.78,Routine
156,IT-WM-152,READ-156,678.9,2024-06-14,656.78,2024-05-14,monthly,READER-02,residential,True,True,500.0,Routine
157,IT-WM-153,READ-157,890.12,2024-06-15,878.9,2024-05-15,monthly,READER-04,residential,True,True,500.0,Routine
158,IT-WM-154,READ-158,123.45,2024-06-16,111.23,2024-05-16,bimonthly,READER-01,residential,True,True,123.45,Routine
159,IT-WM-155,READ-159,234.56,2024-06-17,222.34,2024-05-17,monthly,READER-03,residential,True,True,234.56,Routine
160,IT-WM-156,READ-160,456.78,2024-06-18,444.56,2024-05-18,monthly,READER-05,residential,True,True,456.78,Routine
161,IT-WM-157,READ-161,678.9,2024-06-19,656.78,2024-05-19,monthly,READER-02,residential,True,True,500.0,Routine
162,IT-WM-158,READ-162,890.12,2024-06-20,878.9,2024-05-20,monthly,READER-04,residential,True,True,500.0,Routine
163,IT-WM-159,READ-163,123.45,2024-06-21,111.23,2024-05-21,bimonthly,READER-01,residential,True,True,123.45,Routine
164,IT-WM-160,READ-164,234.56,2024-06-22,222.34,2024-05-22,monthly,READER-03,residential,True,True,234.56,Routine
165,IT-WM-161,READ-165,456.78,2024-06-23,444.56,2024-05-23,monthly,READER-05,residential,True,True,456.78,Routine
166,IT-WM-162,READ-166,678.9,2024-06-24,656.78,2024-05-24,monthly,READER-02,residential,True,True,500.0,Routine
167,IT-WM-163,READ-167,890.12,2024-06-25,878.9,2024-05-25,monthly,READER-04,residential,True,True,500.0,Routine
168,IT-WM-164,READ-168,123.45,2024-06-26,111.23,2024-05-26,bimonthly,READER-01,residential,True,True,123.45,Routine
169,IT-WM-165,READ-169,234.56,2024-06-27,222.34,2024-05-27,monthly,READER-03,residential,True,True,234.56,Routine
170,IT-WM-166,READ-170,456.78,2024-06-28,444.56,2024-05-28,monthly,READER-05,residential,True,True,456.78,Routine
171,IT-WM-167,READ-171,678.9,2024-06-29,656.78,2024-05-29,monthly,READER-02,residential,True,True,500.0,Routine
172,IT-WM-168,READ-172,890.12,2024-06-30,878.9,2024-05-30,monthly,READER-04,residential,True,True,500.0,Routine
173,IT-WM-169,READ-173,123.45,2024-07-01,111.23,2024-06-01,bimonthly,READER-01,residential,True,True,123.45,Routine
174,IT-WM-170,READ-174,234.56,2024-07-02,222.34,2024-06-02,monthly,READER-03,residential,True,True,234.56,Routine
175,IT-WM-171,READ-175,456.78,2024-07-03,444.56,2024-06-03,monthly,READER-05,residential,True,True,456.78,Routine
176,IT-WM-172,READ-176,678.9,2024-07-04,656.78,2024-06-04,monthly,READER-02,residential,True,True,500.0,Routine
177,IT-WM-173,READ-177,890.12,2024-07-05,878.9,2024-06-05,monthly,READER-04,residential,True,True,500.0,Routine
178,IT-WM-174,READ-178,123.45,2024-07-06,111.23,2024-06-06,bimonthly,READER-01,residential,True,True,123.45,Routine
179,IT-WM-175,READ-179,234.56,2024-07-07,222.34,2024-06-07,monthly,READER-03,residential,True,True,234.56,Routine
180,IT-WM-176,READ-180,456.78,2024-07-08,444.56,2024-06-08,monthly,READER-05,residential,True,True,456.78,Routine
181,IT-WM-177,READ-181,678.9,2024-07-09,656.78,2024-06-09,monthly,READER-02,residential,True,True,500.0,Routine
182,IT-WM-178,READ-182,890.12,2024-07-10,878.9,2024-06-10,monthly,READER-04,residential,True,True,500.0,Routine
183,IT-WM-179,READ-183,123.45,2024-07-11,111.23,2024-06-11,bimonthly,READER-01,residential,True,True,123.45,Routine
184,IT-WM-180,READ-184,234.56,2024-07-12,222.34,2024-06-12,monthly,READER-03,residential,True,True,234.56,Routine
185,IT-WM-181,READ-185,456.78,2024-07-13,444.56,2024-06-13,monthly,READER-05,residential,True,True,456.78,Routine
186,IT-WM-182,READ-186,678.9,2024-07-14,656.78,2024-06-14,monthly,READER-02,residential,True,True,500.0,Routine
187,IT-WM-183,READ-187,890.12,2024-07-15,878.9,2024-06-15,monthly,READER-04,residential,True,True,500.0,Routine
188,IT-WM-184,READ-188,123.45,2024-07-16,111.23,2024-06-16,bimonthly,READER-01,residential,True,True,123.45,Routine
189,IT-WM-185,READ-189,234.56,2024-07-17,222.34,2024-06-17,monthly,READER-03,residential,True,True,234.56,Routine
190,IT-WM-186,READ-190,456.78,2024-07-18,444.56,2024-06-18,monthly,READER-05,residential,True,True,456.78,Routine
191,IT-WM-187,READ-191,678.9,2024-07-19,656.78,2024-06-19,monthly,READER-02,residential,True,True,500.0,Routine
192,IT-WM-188,READ-192,890.12,2024-07-20,878.9,2024-06-20,monthly,READER-04,residential,True,True,500.0,Routine
193,IT-WM-189,READ-193,123.45,2024-07-21,111.23,2024-06-21,bimonthly,READER-01,residential,True,True,123.45,Routine
194,IT-WM-190,READ-194,234.56,2024-07-22,222.34,2024-06-22,monthly,READER-03,residential,True,True,234.56,Routine
195,IT-WM-191,READ-195,456.78,2024-07-23,444.56,2024-06-23,monthly,READER-05,residential,True,True,456.78,Routine
196,IT-WM-192,READ-196,678.9,2024-07-24,656.78,2024-06-24,monthly,READER-02,residential,True,True,500.0,Routine
197,IT-WM-193,READ-197,890.12,2024-07-25,878.9,2024-06-25,monthly,READER-04,residential,True,True,500.0,Routine
198,IT-WM-194,READ-198,123.45,2024-07-26,111.23,2024-06-26,bimonthly,READER-01,residential,True,True,123.45,Routine
199,IT-WM-195,READ-199,234.56,2024-07-27,222.34,2024-06-27,monthly,READER-03,residential,True,True,234.56,Routine
200,IT-WM-196,READ-200,456.78,2024-07-28,444.56,2024-06-28,monthly,READER-05,residential,True,True,456.78,Routine
201,IT-WM-197,READ-201,678.9,2024-07-29,656.78,2024-06-29,monthly,READER-02,residential,True,True,500.0,Rutina
202,IT-WM-198,READ-202,890.12,2024-07-30,878.9,2024-06-30,monthly,READER-04,residential,True,True,500.0,ROUTINE
203,IT-WM-199,READ-203,123.45,2024-07-31,111.23,,bimonthly,READER-01,residential,True,True,123.45,routine
204,IT-WM-200,READ-204,234.56,2024-08-01,222.34,2024-07-01,monthly,READER-03,residential,True,True,234.56,Routine
205,IT-WM-201,READ-205,456.78,2024-08-02,444.56,2024-07-02,monthly,READER-05,residential,True,True,456.78,Routine
206,IT-WM-202,READ-206,678.9,2024-08-03,656.78,2024-07-03,monthly,READER-02,residential,True,True,500.0,Routine
207,IT-WM-203,READ-207,890.12,2024-08-04,878.9,2024-07-04,monthly,READER-04,residential,True,True,500.0,Routine
208,IT-WM-204,READ-208,123.45,2024-08-05,111.23,2024-07-05,bimonthly,READER-01,residential,True,True,123.45,Routine
209,IT-WM-205,READ-209,234.56,2024-08-06,222.34,2024-07-06,monthly,READER-03,residential,True,True,234.56,Routine
210,IT-WM-206,READ-210,456.78,2024-08-07,444.56,2024-07-07,monthly,READER-05,residential,True,True,456.78,Routine
211,IT-WM-207,READ-211,678.9,2024-08-08,656.78,2024-07-08,monthly,READER-02,residential,True,True,500.0,Routine
212,IT-WM-208,READ-212,890.12,2024-08-09,878.9,2024-07-09,monthly,READER-04,residential,True,True,500.0,Routine
213,IT-WM-209,READ-213,123.45,2024-08-10,111.23,2024-07-10,bimonthly,READER-01,residential,True,True,123.45,Routine
214,IT-WM-210,READ-214,234.56,2024-08-11,222.34,2024-07-11,monthly,READER-03,residential,True,True,234.56,Routine
215,IT-WM-211,READ-215,456.78,2024-08-12,444.56,2024-07-12,monthly,READER-05,residential,True,True,456.78,Routine
216,IT-WM-212,READ-216,678.9,2024-08-13,656.78,2024-07-13,monthly,READER-02,residential,True,True,500.0,Routine
217,IT-WM-213,READ-217,890.12,2024-08-14,878.9,2024-07-14,monthly,READER-04,residential,True,True,500.0,Routine
218,IT-WM-214,READ-218,123.45,2024-08-15,111.23,2024-07-15,bimonthly,READER-01,residential,True,True,123.45,Routine
219,IT-WM-215,READ-219,234.56,2024-08-16,222.34,2024-07-16,monthly,READER-03,residential,True,True,234.56,Routine
220,IT-WM-216,READ-220,456.78,2024-08-17,444.56,2024-07-17,monthly,READER-05,residential,True,True,456.78,Routine
221,IT-WM-217,READ-221,678.9,2024-08-18,656.78,2024-07-18,monthly,READER-02,residential,True,True,500.0,Routine
222,IT-WM-218,READ-222,890.12,2024-08-19,878.9,2024-07-19,monthly,READER-04,residential,True,True,500.0,Routine
223,IT-WM-219,READ-223,123.45,2024-08-20,111.23,2024-07-20,bimonthly,READER-01,residential,True,True,123.45,Routine
224,IT-WM-220,READ-224,234.56,2024-08-21,222.34,2024-07-21,monthly,READER-03,residential,True,True,234.56,Routine
225,IT-WM-221,READ-225,456.78,2024-08-22,444.56,2024-07-22,monthly,READER-05,residential,True,True,456.78,Routine
226,IT-WM-222,READ-226,678.9,2024-08-23,656.78,2024-07-23,monthly,READER-02,residential,True,True,500.0,Routine
227,IT-WM-223,READ-227,890.12,2024-08-24,878.9,2024-07-24,monthly,READER-04,residential,True,True,500.0,Routine
228,IT-WM-224,READ-228,123.45,2024-08-25,111.23,2024-07-25,bimonthly,READER-01,residential,True,True,123.45,Routine
229,IT-WM-225,READ-229,234.56,2024-08-26,222.34,2024-07-26,monthly,READER-03,residential,True,True,234.56,Routine
230,IT-WM-226,READ-230,456.78,2024-08-27,444.56,2024-07-27,monthly,READER-05,residential,True,True,456.78,Routine
231,IT-WM-227,READ-231,678.9,2024-08-28,656.78,2024-07-28,monthly,READER-02,residential,True,True,500.0,Routine
232,IT-WM-228,READ-232,890.12,2024-08-29,878.9,2024-07-29,monthly,READER-04,residential,True,True,500.0,Routine
233,IT-WM-229,READ-233,123.45,2024-08-30,111.23,2024-07-30,bimonthly,READER-01,residential,True,True,123.45,Routine
234,IT-WM-230,READ-234,234.56,2024-08-31,222.34,2024-07-31,monthly,READER-03,residential,True,True,234.56,Routine
235,IT-WM-231,READ-235,456.78,2024-09-01,444.56,2024-08-01,monthly,READER-05,residential,True,True,456.78,Routine
236,IT-WM-232,READ-236,678.9,2024-09-02,656.78,2024-08-02,monthly,READER-02,residential,True,True,500.0,Routine
237,IT-WM-233,READ-237,890.12,2024-09-03,878.9,2024-08-03,monthly,READER-04,residential,True,True,500.0,Routine
238,IT-WM-234,READ-238,123.45,2024-09-04,111.23,2024-08-04,bimonthly,READER-01,residential,True,True,123.45,Routine
239,IT-WM-235,READ-239,234.56,2024-09-05,222.34,2024-08-05,monthly,READER-03,residential,True,True,234.56,Routine
240,IT-WM-236,READ-240,456.78,2024-09-06,444.56,2024-08-06,monthly,READER-05,residential,True,True,456.78,Routine
241,IT-WM-237,READ-241,678.9,2024-09-07,656.78,2024-08-07,monthly,READER-02,residential,True,True,500.0,Routine
242,IT-WM-238,READ-242,890.12,2024-09-08,878.9,2024-08-08,monthly,READER-04,residential,True,True,500.0,Routine
243,IT-WM-239,READ-243,123.45,2024-09-09,111.23,2024-08-09,bimonthly,READER-01,residential,True,True,123.45,Routine
244,IT-WM-240,READ-244,234.56,2024-09-10,222.34,2024-08-10,monthly,READER-03,residential,True,True,234.56,Routine
245,IT-WM-241,READ-245,456.78,2024-09-11,444.56,2024-08-11,monthly,READER-05,residential,True,True,456.78,Routine
246,IT-WM-242,READ-246,678.9,2024-09-12,656.78,2024-08-12,monthly,READER-02,residential,True,True,500.0,Routine
247,IT-WM-243,READ-247,890.12,2024-09-13,878.9,2024-08-13,monthly,READER-04,residential,True,True,500.0,Routine
248,IT-WM-244,READ-248,123.45,2024-09-14,111.23,2024-08-14,bimonthly,READER-01,residential,True,True,123.45,Routine
249,IT-WM-245,READ-249,234.56,2024-09-15,222.34,2024-08-15,monthly,READER-03,residential,True,True,234.56,Routine
250,IT-WM-246,READ-250,456.78,2024-09-16,444.56,2024-08-16,monthly,READER-05,residential,True,True,456.78,Routine
250,IT-WM-246,READ-250,456.78,2024-09-16,444.56,2024-08-16,monthly,READER-05,residential,True,True,456.78,Routine
251,IT-WM-247,READ-251,678.9,2024-09-17,656.78,2024-08-17,monthly,READER-02,residential,True,True,500.0,rutina
252,IT-WM-248,READ-252,890.12,2024-09-18,878.9,2024-08-18,monthly,READER-04,residential,True,True,500.0,ROUTINA
253,IT-WM-249,READ-253,456.78,2024-09-19,111.23,2024-08-19,monthly,READER-01,residential,False,True,234.56,Falta lectura
254,IT-WM-250,READ-254,234.56,2024-09-20,222.34,,monthly,READER-03,residential,True,True,234.56,Routine
255,IT-WM-251,READ-255,456.78,2024-09-21,444.56,2024-08-21,monthly,READER-05,residential,True,True,456.78,Routine
256,IT-WM-252,READ-256,0.0,2024-09-22,45.3,2024-08-22,monthly,READER-02,residential,False,False,0.0,Error medidor
257,IT-WM-253,READ-257,678.9,2024-09-23,656.78,2024-08-23,monthly,READER-04,residential,True,True,500.0,Routine
258,IT-WM-254,READ-258,890.12,2024-09-24,878.9,2024-08-24,monthly,READER-01,residential,True,True,500.0,Routine
259,IT-WM-255,READ-259,123.45,2024-09-25,111.23,2024-08-25,bimonthly,READER-03,residential,True,True,123.45,Routine
260,IT-WM-256,READ-260,234.56,2024-09-26,222.34,2024-08-26,monthly,READER-05,residential,True,True,234.56,Routine
261,IT-WM-257,READ-261,456.78,2024-09-27,444.56,2024-08-27,monthly,READER-02,residential,True,True,456.78,Routine
262,IT-WM-258,READ-262,678.9,2024-09-28,656.78,2024-08-28,monthly,READER-04,residential,True,True,500.0,Routine
263,IT-WM-259,READ-263,890.12,2024-09-29,878.9,2024-08-29,monthly,READER-01,residential,True,True,500.0,Routine
264,IT-WM-260,READ-264,123.45,2024-09-30,111.23,2024-08-30,bimonthly,READER-03,residential,True,True,123.45,Routine
265,IT-WM-261,READ-265,234.56,2024-10-01,222.34,2024-09-01,monthly,READER-05,residential,True,True,234.56,Routine
266,IT-WM-262,READ-266,456.78,2024-10-02,444.56,2024-09-02,monthly,READER-02,residential,True,True,456.78,Routine
267,IT-WM-263,READ-267,678.9,2024-10-03,656.78,2024-09-03,monthly,READER-04,residential,True,True,500.0,Routine
268,IT-WM-264,READ-268,890.12,2024-10-04,878.9,2024-09-04,monthly,READER-01,residential,True,True,500.0,Routine
269,IT-WM-265,READ-269,123.45,2024-10-05,111.23,2024-09-05,bimonthly,READER-03,residential,True,True,123.45,Routine
270,IT-WM-266,READ-270,234.56,2024-10-06,222.34,2024-09-06,monthly,READER-05,residential,True,True,234.56,Routine
271,IT-WM-267,READ-271,456.78,2024-10-07,444.56,2024-09-07,monthly,READER-02,residential,True,True,456.78,Routine
272,IT-WM-268,READ-272,678.9,2024-10-08,656.78,2024-09-08,monthly,READER-04,residential,True,True,500.0,Routine
273,IT-WM-269,READ-273,890.12,2024-10-09,878.9,2024-09-09,monthly,READER-01,residential,True,True,500.0,Routine
274,IT-WM-270,READ-274,123.45,2024-10-10,111.23,2024-09-10,bimonthly,READER-03,residential,True,True,123.45,Routine
275,IT-WM-271,READ-275,234.56,2024-10-11,222.34,2024-09-11,monthly,READER-05,residential,True,True,234.56,Routine
276,IT-WM-272,READ-276,456.78,2024-10-12,444.56,2024-09-12,monthly,READER-02,residential,True,True,456.78,Routine
277,IT-WM-273,READ-277,678.9,2024-10-13,656.78,2024-09-13,monthly,READER-04,residential,True,True,500.0,Routine
278,IT-WM-274,READ-278,890.12,2024-10-14,878.9,2024-09-14,monthly,READER-01,residential,True,True,500.0,Routine
279,IT-WM-275,READ-279,123.45,2024-10-15,111.23,2024-09-15,bimonthly,READER-03,residential,True,True,123.45,Routine
280,IT-WM-276,READ-280,234.56,2024-10-16,222.34,2024-09-16,monthly,READER-05,residential,True,True,234.56,Routine
281,IT-WM-277,READ-281,456.78,2024-10-17,444.56,2024-09-17,monthly,READER-02,residential,True,True,456.78,Routine
282,IT-WM-278,READ-282,678.9,2024-10-18,656.78,2024-09-18,monthly,READER-04,residential,True,True,500.0,Routine
283,IT-WM-279,READ-283,890.12,2024-10-19,878.9,2024-09-19,monthly,READER-01,residential,True,True,500.0,Routine
284,IT-WM-280,READ-284,123.45,2024-10-20,111.23,2024-09-20,bimonthly,READER-03,residential,True,True,123.45,Routine
285,IT-WM-281,READ-285,234.56,2024-10-21,222.34,2024-09-21,monthly,READER-05,residential,True,True,234.56,Routine
286,IT-WM-282,READ-286,456.78,2024-10-22,444.56,2024-09-22,monthly,READER-02,residential,True,True,456.78,Routine
287,IT-WM-283,READ-287,678.9,2024-10-23,656.78,2024-09-23,monthly,READER-04,residential,True,True,500.0,Routine
288,IT-WM-284,READ-288,890.12,2024-10-24,878.9,2024-09-24,monthly,READER-01,residential,True,True,500.0,Routine
289,IT-WM-285,READ-289,123.45,2024-10-25,111.23,2024-09-25,bimonthly,READER-03,residential,True,True,123.45,Routine
290,IT-WM-286,READ-290,234.56,2024-10-26,222.34,2024-09-26,monthly,READER-05,residential,True,True,234.56,Routine
291,IT-WM-287,READ-291,456.78,2024-10-27,444.56,2024-09-27,monthly,READER-02,residential,True,True,456.78,Routine
292,IT-WM-288,READ-292,678.9,2024-10-28,656.78,2024-09-28,monthly,READER-04,residential,True,True,500.0,Routine
293,IT-WM-289,READ-293,890.12,2024-10-29,878.9,2024-09-29,monthly,READER-01,residential,True,True,500.0,Routine
294,IT-WM-290,READ-294,123.45,2024-10-30,111.23,2024-09-30,bimonthly,READER-03,residential,True,True,123.45,Routine
295,IT-WM-291,READ-295,234.56,2024-10-31,222.34,,monthly,READER-05,residential,True,True,234.56,Routine
296,IT-WM-292,READ-296,456.78,2024-11-01,444.56,2024-10-01,monthly,READER-02,residential,True,True,456.78,Routine
297,IT-WM-293,READ-297,678.9,2024-11-02,656.78,2024-10-02,monthly,READER-04,residential,True,True,500.0,Routine
298,IT-WM-294,READ-298,890.12,2024-11-03,878.9,2024-10-03,monthly,READER-01,residential,True,True,500.0,Routine
299,IT-WM-295,READ-299,123.45,2024-11-04,111.23,2024-10-04,bimonthly,READER-03,residential,True,True,123.45,Routine
300,IT-WM-296,READ-300,234.56,2024-11-05,222.34,2024-10-05,monthly,READER-05,residential,True,True,234.56,Routine
301,IT-WM-297,LECT-301,145.5,2024-01-15,120.3,2023-12-15,monthly,LECTOR-01,residential,True,True,125.4,Rutina
302,IT-WM-298,LECT-302,89.75,2024-01-16,75.2,2023-12-16,monthly,LECTOR-02,residential,True,True,89.75,Rutina
303,IT-WM-299,LECT-303,456.78,2024-01-17,210.45,2023-12-17,monthly,LECTOR-03,residential,False,True,0.0,Falta
304,IT-WM-300,LECT-304,320.1,2024-01-18,295.8,2023-12-18,monthly,LECTOR-01,residential,True,True,156.3,Rutina
305,IT-WM-301,LECT-305,170.25,2024-02-15,145.5,2024-01-15,monthly,LECTOR-02,residential,True,True,145.5,Rutina
306,IT-WM-302,LECT-306,55.3,2024-01-19,,,monthly,LECTOR-04,residential,True,True,55.3,Primera Lectura
307,IT-WM-303,LECT-307,478.9,2024-01-20,450.25,2023-11-20,monthly,LECTOR-03,residential,True,True,125.45,Rutina
308,IT-WM-304,LECT-308,123.45,2024-01-21,110.75,2023-12-21,monthly,LECTOR-01,residential,True,True,98.7,Rutina
309,IT-WM-305,LECT-309,987.65,2024-01-22,890.4,2023-12-22,monthly,LECTOR-05,residential,True,True,450.8,Fuga Sospechada
310,IT-WM-306,LECT-310,95.2,2024-02-16,89.75,2024-01-16,monthly,LECTOR-02,residential,True,True,95.2,Rutina
311,IT-WM-307,LECT-311,67.8,2024-01-23,45.3,2023-12-23,monthly,LECTOR-04,residential,True,True,67.8,Alto Consumo
312,IT-WM-308,LECT-312,234.56,2024-01-24,215.9,2023-12-24,monthly,LECTOR-01,residential,True,True,98.25,Rutina
313,IT-WM-309,LECT-313,0.0,2024-01-25,0.0,2023-12-25,monthly,LECTOR-03,residential,True,True,0.0,Consumo Cero
314,IT-WM-310,LECT-314,456.78,2024-01-26,420.15,2023-12-26,monthly,LECTOR-05,residential,True,True,165.42,Rutina
315,IT-WM-311,LECT-315,345.6,2024-02-18,320.1,2024-01-18,monthly,LECTOR-01,residential,True,True,123.15,Rutina
316,IT-WM-312,LECT-316,78.9,2024-01-27,65.45,2023-12-27,monthly,LECTOR-02,residential,True,True,78.9,Rutina
317,IT-WM-313,LECT-317,1000.0,2024-01-28,1000.0,2023-12-28,monthly,LECTOR-04,residential,True,True,450.67,Rutina
318,IT-WM-314,LECT-318,1000.0,2024-01-29,150.75,2023-12-29,monthly,LECTOR-03,residential,False,True,0.0,Falla Medidor
319,IT-WM-315,LECT-319,89.45,2024-01-30,78.9,2023-12-30,monthly,LECTOR-01,residential,True,True,89.45,Rutina
320,IT-WM-316,LECT-320,567.89,2024-01-31,510.25,2023-12-31,monthly,LECTOR-05,residential,True,True,234.56,Rutina
321,IT-WM-317,LECT-321,123.0,2024-02-01,115.8,2024-01-01,monthly,LECTOR-02,residential,True,True,123.0,Rutina
322,IT-WM-318,LECT-322,789.01,2024-02-02,745.6,2024-01-02,monthly,LECTOR-04,residential,True,True,198.75,Rutina
323,IT-WM-319,LECT-323,234.0,2024-02-03,210.45,2024-01-03,monthly,LECTOR-01,residential,True,True,234.0,Rutina
324,IT-WM-320,LECT-324,250.75,2024-02-17,210.45,2023-12-17,monthly,LECTOR-03,residential,True,True,178.9,Estimado
325,IT-WM-321,LECT-325,456.23,2024-02-04,430.1,2024-01-04,monthly,LECTOR-05,residential,True,True,456.23,Rutina
326,IT-WM-322,LECT-326,0.0,2024-02-05,0.0,2024-01-05,monthly,LECTOR-02,residential,True,True,0.0,Propiedad Vacante
327,IT-WM-323,LECT-327,678.34,2024-02-06,645.2,2024-01-06,monthly,LECTOR-04,residential,True,True,500.0,Rutina
328,IT-WM-324,LECT-328,890.12,2024-02-07,856.78,2024-01-07,monthly,LECTOR-01,residential,True,True,500.0,Rutina
329,IT-WM-325,LECT-329,123.78,2024-02-08,115.45,2024-01-08,monthly,LECTOR-03,residential,True,True,123.78,Rutina
330,IT-WM-326,LECT-330,345.67,2024-02-09,320.89,2024-01-09,monthly,LECTOR-05,residential,True,True,345.67,Rutina
331,IT-WM-327,LECT-331,567.89,2024-02-10,534.12,2024-01-10,monthly,LECTOR-02,residential,True,True,500.0,Rutina
332,IT-WM-328,LECT-332,789.01,2024-02-11,756.34,2024-01-11,monthly,LECTOR-04,residential,True,True,500.0,Rutina
333,IT-WM-329,LECT-333,901.23,2024-02-12,867.45,2024-01-12,monthly,LECTOR-01,residential,True,True,500.0,Rutina
334,IT-WM-330,LECT-334,234.56,2024-02-13,223.78,2024-01-13,monthly,LECTOR-03,residential,True,True,234.56,Rutina
335,IT-WM-331,LECT-335,456.78,2024-02-14,445.67,2024-01-14,monthly,LECTOR-05,residential,True,True,456.78,Rutina
336,IT-WM-332,LECT-336,678.9,2024-02-15,667.89,2024-01-15,monthly,LECTOR-02,residential,True,True,500.0,Rutina
337,IT-WM-333,LECT-337,890.12,2024-02-16,889.01,2024-01-16,monthly,LECTOR-04,residential,True,True,500.0,Rutina
338,IT-WM-334,LECT-338,123.45,2024-02-17,111.23,2024-01-17,monthly,LECTOR-01,residential,True,True,123.45,Rutina
339,IT-WM-335,LECT-339,345.67,2024-02-18,333.45,2024-01-18,monthly,LECTOR-03,residential,True,True,345.67,Rutina
340,IT-WM-336,LECT-340,567.89,2024-02-19,555.67,2024-01-19,monthly,LECTOR-05,residential,True,True,500.0,Rutina
341,IT-WM-337,LECT-341,789.01,2024-02-20,777.89,2024-01-20,monthly,LECTOR-02,residential,True,True,500.0,Rutina
342,IT-WM-338,LECT-342,901.23,2024-02-21,899.01,2024-01-21,monthly,LECTOR-04,residential,True,True,500.0,Rutina
343,IT-WM-339,LECT-343,123.45,2024-02-22,111.23,2024-01-22,monthly,LECTOR-01,residential,True,True,123.45,Rutina
344,IT-WM-340,LECT-344,234.56,2024-02-23,222.34,2024-01-23,monthly,LECTOR-03,residential,True,True,234.56,Rutina
345,IT-WM-341,LECT-345,456.78,2024-02-24,444.56,2024-01-24,monthly,LECTOR-05,residential,True,True,456.78,Rutina
346,IT-WM-342,LECT-346,678.9,2024-02-25,666.78,2024-01-25,monthly,LECTOR-02,residential,True,True,500.0,Rutina
347,IT-WM-343,LECT-347,890.12,2024-02-26,888.9,2024-01-26,monthly,LECTOR-04,residential,True,True,500.0,Rutina
348,IT-WM-344,LECT-348,123.45,2024-02-27,111.23,2024-01-27,monthly,LECTOR-01,residential,True,True,123.45,Rutina
349,IT-WM-345,LECT-349,234.56,2024-02-28,222.34,2024-01-28,monthly,LECTOR-03,residential,True,True,234.56,Rutina
350,IT-WM-346,LECT-350,456.78,2024-02-29,444.56,2024-01-29,monthly,LECTOR-05,residential,True,True,456.78,Rutina
351,IT-WM-347,LETT-351,145.5,2024-01-15,120.3,2023-12-15,monthly,LETTORE-01,residential,True,True,125.4,Routine
352,IT-WM-348,LETT-352,89.75,2024-01-16,75.2,2023-12-16,monthly,LETTORE-02,residential,True,True,89.75,Routine
353,IT-WM-349,LETT-353,456.78,2024-01-17,210.45,2023-12-17,monthly,LETTORE-03,residential,True,True,0.0,Mancata
354,IT-WM-350,LETT-354,320.1,2024-01-18,295.8,2023-12-18,monthly,LETTORE-01,residential,True,True,156.3,Routine
355,IT-WM-351,LETT-355,170.25,2024-02-15,145.5,2024-01-15,monthly,LETTORE-02,residential,True,True,145.5,Routine
356,IT-WM-352,LETT-356,55.3,2024-01-19,,,monthly,LETTORE-04,residential,True,True,55.3,Prima Lettura
357,IT-WM-353,LETT-357,478.9,2024-01-20,450.25,2023-11-20,monthly,LETTORE-03,residential,True,True,125.45,Routine
358,IT-WM-354,LETT-358,123.45,2024-01-21,110.75,2023-12-21,monthly,LETTORE-01,residential,True,True,98.7,Routine
359,IT-WM-355,LETT-359,987.65,2024-01-22,890.4,2023-12-22,monthly,LETTORE-05,residential,False,True,450.8,Perdita Sospetta
360,IT-WM-356,LETT-360,95.2,2024-02-16,89.75,2024-01-16,monthly,LETTORE-02,residential,True,True,95.2,Routine
361,IT-WM-357,LETT-361,67.8,2024-01-23,45.3,2023-12-23,monthly,LETTORE-04,residential,True,True,67.8,Consumo Elevato
362,IT-WM-358,LETT-362,234.56,2024-01-24,215.9,2023-12-24,monthly,LETTORE-01,residential,True,True,98.25,Routine
363,IT-WM-359,LETT-363,0.0,2024-01-25,0.0,2023-12-25,monthly,LETTORE-03,residential,True,True,0.0,Consumo Zero
364,IT-WM-360,LETT-364,456.78,2024-01-26,420.15,2023-12-26,monthly,LETTORE-05,residential,True,True,165.42,Routine
365,IT-WM-361,LETT-365,345.6,2024-02-18,320.1,2024-01-18,monthly,LETTORE-01,residential,True,True,123.15,Routine
366,IT-WM-362,LETT-366,78.9,2024-01-27,65.45,2023-12-27,monthly,LETTORE-02,residential,True,True,78.9,Routine
367,IT-WM-363,LETT-367,1000.0,2024-01-28,1000.0,2023-12-28,monthly,LETTORE-04,residential,True,True,450.67,Routine
368,IT-WM-364,LETT-368,1000.0,2024-01-29,150.75,2023-12-29,monthly,LETTORE-03,residential,True,True,0.0,Guasto Contatore
369,IT-WM-365,LETT-369,89.45,2024-01-30,78.9,2023-12-30,monthly,LETTORE-01,residential,True,True,89.45,Routine
370,IT-WM-366,LETT-370,567.89,2024-01-31,510.25,2023-12-31,monthly,LETTORE-05,residential,True,True,234.56,Routine
371,IT-WM-367,LETT-371,123.0,2024-02-01,115.8,2024-01-01,monthly,LETTORE-02,residential,True,True,123.0,Routine
372,IT-WM-368,LETT-372,789.01,2024-02-02,745.6,2024-01-02,monthly,LETTORE-04,residential,True,True,198.75,Routine
373,IT-WM-369,LETT-373,234.0,2024-02-03,210.45,2024-01-03,monthly,LETTORE-01,residential,True,True,234.0,Routine
374,IT-WM-370,LETT-374,250.75,2024-02-17,210.45,2023-12-17,monthly,LETTORE-03,residential,True,True,178.9,Stimato
375,IT-WM-371,LETT-375,456.23,2024-02-04,430.1,2024-01-04,monthly,LETTORE-05,residential,True,True,456.23,Routine
376,IT-WM-372,LETT-376,0.0,2024-02-05,0.0,2024-01-05,monthly,LETTORE-02,residential,True,True,0.0,Immobile Vuoto
377,IT-WM-373,LETT-377,678.34,2024-02-06,645.2,2024-01-06,monthly,LETTORE-04,residential,True,True,500.0,Routine
378,IT-WM-374,LETT-378,890.12,2024-02-07,856.78,2024-01-07,monthly,LETTORE-01,residential,True,True,500.0,Routine
379,IT-WM-375,LETT-379,123.78,2024-02-08,115.45,2024-01-08,monthly,LETTORE-03,residential,True,True,123.78,Routine
380,IT-WM-376,LETT-380,345.67,2024-02-09,320.89,2024-01-09,monthly,LETTORE-05,residential,True,True,345.67,Routine
381,IT-WM-377,LETT-381,567.89,2024-02-10,534.12,2024-01-10,monthly,LETTORE-02,residential,True,True,500.0,Routine
382,IT-WM-378,LETT-382,789.01,2024-02-11,756.34,2024-01-11,monthly,LETTORE-04,residential,True,True,500.0,Routine
383,IT-WM-379,LETT-383,901.23,2024-02-12,867.45,2024-01-12,monthly,LETTORE-01,residential,True,True,500.0,Routine
384,IT-WM-380,LETT-384,234.56,2024-02-13,223.78,2024-01-13,monthly,LETTORE-03,residential,True,True,234.56,Routine
385,IT-WM-381,LETT-385,456.78,2024-02-14,445.67,2024-01-14,monthly,LETTORE-05,residential,True,True,456.78,Routine
386,IT-WM-382,LETT-386,678.9,2024-02-15,667.89,2024-01-15,monthly,LETTORE-02,residential,True,True,500.0,Routine
387,IT-WM-383,LETT-387,890.12,2024-02-16,889.01,2024-01-16,monthly,LETTORE-04,residential,True,True,500.0,Routine
388,IT-WM-384,LETT-388,123.45,2024-02-17,111.23,2024-01-17,monthly,LETTORE-01,residential,True,True,123.45,Routine
389,IT-WM-385,LETT-389,345.67,2024-02-18,333.45,2024-01-18,monthly,LETTORE-03,residential,True,True,345.67,Routine
390,IT-WM-386,LETT-390,567.89,2024-02-19,555.67,2024-01-19,monthly,LETTORE-05,residential,True,True,500.0,Routine
391,IT-WM-387,LETT-391,789.01,2024-02-20,777.89,2024-01-20,monthly,LETTORE-02,residential,True,True,500.0,Routine
392,IT-WM-388,LETT-392,901.23,2024-02-21,899.01,2024-01-21,monthly,LETTORE-04,residential,True,True,500.0,Routine
393,IT-WM-389,LETT-393,123.45,2024-02-22,111.23,2024-01-22,monthly,LETTORE-01,residential,True,True,123.45,Routine
394,IT-WM-390,LETT-394,234.56,2024-02-23,222.34,2024-01-23,monthly,LETTORE-03,residential,True,True,234.56,Routine
395,IT-WM-391,LETT-395,456.78,2024-02-24,444.56,2024-01-24,monthly,LETTORE-05,residential,True,True,456.78,Routine
396,IT-WM-392,LETT-396,678.9,2024-02-25,666.78,2024-01-25,monthly,LETTORE-02,residential,True,True,500.0,Routine
397,IT-WM-393,LETT-397,890.12,2024-02-26,888.9,2024-01-26,monthly,LETTORE-04,residential,True,True,500.0,Routine
398,IT-WM-394,LETT-398,123.45,2024-02-27,111.23,2024-01-27,monthly,LETTORE-01,residential,True,True,123.45,Routine
399,IT-WM-395,LETT-399,234.56,2024-02-28,222.34,2024-01-28,monthly,LETTORE-03,residential,True,True,234.56,Routine
400,IT-WM-396,LETT-400,456.78,2024-02-29,444.56,2024-01-29,monthly,LETTORE-05,residential,True,True,456.78,Routine
401,IT-WM-397,READ-401,1000.0,2024-03-15,120.3,2024-02-15,monthly,READER-01,residential,False,True,0.0,Meter Malfunction
402,IT-WM-398,READ-402,0.0,2024-03-16,75.2,2024-02-16,monthly,READER-02,residential,False,True,0.0,Reverse Flow
403,IT-WM-399,READ-403,0.0,2024-03-17,210.45,2024-02-17,monthly,READER-03,residential,True,True,0.0,Zero Consumption
404,IT-WM-400,READ-404,320.1,2024-03-18,295.8,2024-02-18,bimonthly,READER-01,residential,True,True,156.3,Routine
405,IT-WM-401,READ-405,170.25,2024-04-15,145.5,2024-03-15,monthly,READER-02,residential,True,True,145.5,Routine
406,IT-WM-402,READ-406,1000.0,2024-03-19,55.3,2024-02-19,monthly,READER-04,residential,False,True,0.0,Extreme Outlier
407,IT-WM-403,READ-407,0.0,2024-03-20,450.25,2024-02-20,bimonthly,READER-03,residential,False,True,0.0,Negative Reading
408,IT-WM-404,READ-408,123.45,2024-03-21,110.75,2024-02-21,monthly,READER-01,residential,True,True,98.7,Routine
409,IT-WM-405,READ-409,1000.0,2024-03-22,890.4,2024-02-22,monthly,READER-05,residential,True,True,0.0,Data Error
410,IT-WM-406,READ-410,95.2,2024-04-16,89.75,2024-03-16,monthly,READER-02,residential,True,True,95.2,Routine
411,IT-WM-407,READ-411,0.0,2024-03-23,45.3,2024-02-23,monthly,READER-04,residential,False,True,0.0,System Error
412,IT-WM-408,READ-412,234.56,2024-03-24,215.9,2024-02-24,monthly,READER-01,residential,True,True,98.25,Routine
413,IT-WM-409,READ-413,0.0,2024-03-25,0.0,2024-02-25,monthly,READER-03,residential,True,True,0.0,Property Vacant
414,IT-WM-410,READ-414,1000.0,2024-03-26,420.15,2024-02-26,bimonthly,READER-05,residential,False,True,0.0,Impossible Value
415,IT-WM-411,READ-415,345.6,2024-04-18,320.1,2024-03-18,bimonthly,READER-01,residential,True,True,123.15,Routine
416,IT-WM-412,READ-416,0.0,2024-03-27,65.45,2024-02-27,monthly,READER-02,residential,False,True,0.0,Backflow
417,IT-WM-413,READ-417,1000.0,2024-03-28,1000.0,2024-02-28,monthly,READER-04,residential,True,True,450.67,Routine
418,IT-WM-414,READ-418,1000.0,2024-03-29,150.75,2024-02-29,monthly,READER-03,residential,False,True,0.0,Overflow
419,IT-WM-415,READ-419,89.45,2024-03-30,78.9,,monthly,READER-01,residential,True,True,89.45,Routine
420,IT-WM-416,READ-420,0.0,2024-03-31,510.25,,monthly,READER-05,residential,False,True,0.0,Reverse
421,IT-WM-417,READ-421,123.0,2024-04-01,115.8,2024-03-01,monthly,READER-02,residential,True,True,123.0,Routine
422,IT-WM-418,READ-422,1000.0,2024-04-02,745.6,2024-03-02,bimonthly,READER-04,residential,False,True,0.0,Maximum Value
423,IT-WM-419,READ-423,234.0,2024-04-03,210.45,2024-03-03,monthly,READER-01,residential,True,True,234.0,Routine
424,IT-WM-420,READ-424,0.0,2024-04-17,210.45,2024-03-17,monthly,READER-03,residential,False,True,0.0,Extreme Negative
425,IT-WM-421,READ-425,456.23,2024-04-04,430.1,2024-03-04,monthly,READER-05,residential,True,True,456.23,Routine
426,IT-WM-422,READ-426,0.0,2024-04-05,0.0,2024-03-05,monthly,READER-02,residential,True,True,0.0,No Consumption
427,IT-WM-423,READ-427,1000.0,2024-04-06,645.2,2024-03-06,monthly,READER-04,residential,False,True,0.0,Abnormal Spike
428,IT-WM-424,READ-428,890.12,2024-04-07,856.78,2024-03-07,bimonthly,READER-01,residential,True,True,500.0,Routine
429,IT-WM-425,READ-429,0.0,2024-04-08,115.45,2024-03-08,monthly,READER-03,residential,False,True,0.0,Impossible
430,IT-WM-426,READ-430,345.67,2024-04-09,320.89,2024-03-09,monthly,READER-05,residential,True,True,345.67,Routine
431,IT-WM-427,READ-431,1000.0,2024-04-10,534.12,2024-03-10,monthly,READER-02,residential,False,True,0.0,Out of Range
432,IT-WM-428,READ-432,789.01,2024-04-11,756.34,2024-03-11,monthly,READER-04,residential,True,True,500.0,Routine
433,IT-WM-429,READ-433,0.0,2024-04-12,867.45,2024-03-12,bimonthly,READER-01,residential,False,True,0.0,Negative
434,IT-WM-430,READ-434,234.56,2024-04-13,223.78,2024-03-13,monthly,READER-03,residential,True,True,234.56,Routine
435,IT-WM-431,READ-435,1000.0,2024-04-14,445.67,2024-03-14,monthly,READER-05,residential,False,True,0.0,Data Corruption
436,IT-WM-432,READ-436,678.9,2024-04-15,667.89,2024-03-15,monthly,READER-02,residential,True,True,500.0,Routine
437,IT-WM-433,READ-437,0.0,2024-04-16,889.01,2024-03-16,monthly,READER-04,residential,False,True,0.0,Error
438,IT-WM-434,READ-438,123.45,2024-04-17,111.23,2024-03-17,bimonthly,READER-01,residential,True,True,123.45,Routine
439,IT-WM-435,READ-439,1000.0,2024-04-18,333.45,2024-03-18,monthly,READER-03,residential,False,True,0.0,Impossible Reading
440,IT-WM-436,READ-440,567.89,2024-04-19,555.67,2024-03-19,monthly,READER-05,residential,True,True,500.0,Routine
441,IT-WM-437,READ-441,0.0,2024-04-20,777.89,2024-03-20,monthly,READER-02,residential,False,True,0.0,Backward Flow
442,IT-WM-438,READ-442,901.23,2024-04-21,899.01,2024-03-21,monthly,READER-04,residential,True,True,500.0,Routine
443,IT-WM-439,READ-443,1000.0,2024-04-22,111.23,2024-03-22,bimonthly,READER-01,residential,False,True,0.0,Overflow Error
444,IT-WM-440,READ-444,234.56,2024-04-23,222.34,2024-03-23,monthly,READER-03,residential,True,True,234.56,Routine
445,IT-WM-441,READ-445,0.0,2024-04-24,444.56,2024-03-24,monthly,READER-05,residential,False,True,0.0,Reverse Measurement
446,IT-WM-442,READ-446,678.9,2024-04-25,666.78,2024-03-25,monthly,READER-02,residential,True,True,500.0,Routine
447,IT-WM-443,READ-447,1000.0,2024-04-26,888.9,2024-03-26,monthly,READER-04,residential,False,True,0.0,Extreme Value
448,IT-WM-444,READ-448,123.45,2024-04-27,111.23,2024-03-27,bimonthly,READER-01,residential,True,True,123.45,Routine
449,IT-WM-445,READ-449,0.0,2024-04-28,222.34,2024-03-28,monthly,READER-03,residential,False,True,0.0,Negative Outlier
450,IT-WM-446,READ-450,456.78,2024-04-29,444.56,2024-03-29,monthly,READER-05,residential,True,True,456.78,Routine
451,IT-WM-447,READ-451,456.78,2024-05-15,120.3,2024-04-15,monthly,READER-01,residential,False,True,234.56,Missing Reading
452,IT-WM-448,READ-452,89.75,2024-05-16,,2024-04-16,monthly,READER-02,residential,True,True,89.75,Routine
453,IT-WM-449,READ-453,210.45,2024-05-17,210.45,,monthly,READER-03,residential,True,True,0.0,
454,IT-WM-450,READ-454,320.1,2024-05-18,295.8,2024-04-18,bimonthly,,residential,True,True,156.3,Routine
455,IT-WM-451,READ-455,170.25,2024-06-15,145.5,2024-05-15,monthly,READER-02,residential,True,True,145.5,Routine
456,IT-WM-452,READ-456,55.3,2024-05-19,50.25,2024-04-19,monthly,READER-04,residential,True,True,234.56,First Reading
457,IT-WM-453,READ-457,478.9,2024-05-20,450.25,2024-04-20,bimonthly,READER-03,residential,True,True,125.45,Routine
458,IT-WM-454,READ-458,456.78,2024-05-21,110.75,2024-04-21,monthly,READER-01,residential,False,True,98.7,Missing
459,IT-WM-455,READ-459,987.65,2024-05-22,890.4,2024-04-22,monthly,READER-05,residential,True,True,234.56,
460,IT-WM-456,READ-460,95.2,2024-06-16,,2024-05-16,monthly,READER-02,residential,True,True,95.2,Routine
461,IT-WM-457,READ-461,67.8,2024-05-23,45.3,2024-04-23,monthly,READER-04,residential,True,True,234.56,
462,IT-WM-458,READ-462,234.56,2024-05-24,215.9,2024-04-24,monthly,,residential,True,True,98.25,Routine
463,IT-WM-459,READ-463,0.0,2024-05-25,0.0,2024-04-25,monthly,READER-03,residential,True,True,234.56,
464,IT-WM-460,READ-464,456.78,2024-05-26,420.15,2024-04-26,bimonthly,READER-05,residential,True,True,165.42,
465,IT-WM-461,READ-465,345.6,2024-06-18,,2024-05-18,bimonthly,READER-01,residential,True,True,123.15,Routine
466,IT-WM-462,READ-466,78.9,2024-05-27,65.45,2024-04-27,monthly,READER-02,residential,True,True,234.56,
467,IT-WM-463,READ-467,1000.0,2024-05-28,1000.0,2024-04-28,monthly,READER-04,residential,True,True,450.67,Routine
468,IT-WM-464,READ-468,1000.0,2024-05-29,150.75,2024-04-29,monthly,READER-03,residential,False,True,234.56,
469,IT-WM-465,READ-469,89.45,2024-05-30,78.9,2024-04-30,monthly,READER-01,residential,True,True,89.45,
470,IT-WM-466,READ-470,567.89,2024-05-31,510.25,,monthly,READER-05,residential,True,True,234.56,Routine
471,IT-WM-467,READ-471,456.78,2024-06-01,115.8,2024-05-01,monthly,READER-02,residential,False,True,123.0,No Data
472,IT-WM-468,READ-472,789.01,2024-06-02,745.6,2024-05-02,bimonthly,READER-04,residential,True,True,234.56,
473,IT-WM-469,READ-473,234.0,2024-06-03,210.45,2024-05-03,monthly,READER-01,residential,True,True,234.0,Routine
474,IT-WM-470,READ-474,250.75,2024-06-17,,2024-05-17,monthly,READER-03,residential,True,True,178.9,Estimated
475,IT-WM-471,READ-475,456.23,2024-06-04,430.1,2024-05-04,monthly,READER-05,residential,True,True,234.56,
476,IT-WM-472,READ-476,0.0,2024-06-05,0.0,2024-05-05,monthly,READER-02,residential,True,True,0.0,
477,IT-WM-473,READ-477,678.34,2024-06-06,645.2,2024-05-06,monthly,READER-04,residential,True,True,500.0,Routine
478,IT-WM-474,READ-478,890.12,2024-06-07,856.78,2024-05-07,bimonthly,READER-01,residential,True,True,234.56,
479,IT-WM-475,READ-479,123.78,2024-06-08,115.45,2024-05-08,monthly,READER-03,residential,True,True,123.78,Routine
480,IT-WM-476,READ-480,345.67,2024-06-09,320.89,2024-05-09,monthly,READER-05,residential,True,True,234.56,
481,IT-WM-477,READ-481,567.89,2024-06-10,534.12,2024-05-10,monthly,READER-02,residential,True,True,500.0,Routine
482,IT-WM-478,READ-482,789.01,2024-06-11,756.34,2024-05-11,monthly,READER-04,residential,True,True,500.0,
483,IT-WM-479,READ-483,901.23,2024-06-12,867.45,2024-05-12,bimonthly,READER-01,residential,True,True,234.56,
484,IT-WM-480,READ-484,234.56,2024-06-13,223.78,2024-05-13,monthly,READER-03,residential,True,True,234.56,Routine
485,IT-WM-481,READ-485,456.78,2024-06-14,445.67,2024-05-14,monthly,READER-05,residential,True,True,456.78,
486,IT-WM-482,READ-486,678.9,2024-06-15,667.89,2024-05-15,monthly,READER-02,residential,True,True,500.0,Routine
487,IT-WM-483,READ-487,890.12,2024-06-16,889.01,2024-05-16,monthly,READER-04,residential,True,True,234.56,
488,IT-WM-484,READ-488,123.45,2024-06-17,111.23,2024-05-17,bimonthly,READER-01,residential,True,True,123.45,Routine
489,IT-WM-485,READ-489,345.67,2024-06-18,333.45,2024-05-18,monthly,READER-03,residential,True,True,345.67,
490,IT-WM-486,READ-490,567.89,2024-06-19,555.67,2024-05-19,monthly,READER-05,residential,True,True,500.0,Routine
491,IT-WM-487,READ-491,789.01,2024-06-20,777.89,2024-05-20,monthly,READER-02,residential,True,True,234.56,
492,IT-WM-488,READ-492,901.23,2024-06-21,899.01,2024-05-21,monthly,READER-04,residential,True,True,500.0,Routine
493,IT-WM-489,READ-493,123.45,2024-06-22,111.23,2024-05-22,bimonthly,READER-01,residential,True,True,123.45,
494,IT-WM-490,READ-494,234.56,2024-06-23,222.34,2024-05-23,monthly,READER-03,residential,True,True,234.56,Routine
495,IT-WM-491,READ-495,456.78,2024-06-24,444.56,2024-05-24,monthly,READER-05,residential,True,True,234.56,
496,IT-WM-492,READ-496,678.9,2024-06-25,666.78,2024-05-25,monthly,READER-02,residential,True,True,500.0,Routine
497,IT-WM-493,READ-497,890.12,2024-06-26,888.9,2024-05-26,monthly,READER-04,residential,True,True,500.0,
498,IT-WM-494,READ-498,123.45,2024-06-27,111.23,2024-05-27,bimonthly,READER-01,residential,True,True,123.45,Routine
499,IT-WM-495,READ-499,234.56,2024-06-28,222.34,2024-05-28,monthly,READER-03,residential,True,True,234.56,
500,IT-WM-496,READ-500,456.78,2024-06-29,444.56,2024-05-29,monthly,READER-05,residential,True,True,456.78,Routine
